account_id,Unnamed: 0
1986416581693056,120
2052101529579264,121
210588930,122
201236882,123
201232698,124
210082459,125
4315978,126
765726,127
210168025,128
206321273,129
1999989230866272,130
3656201,131
1952335488027776,132
3511615,133
207987339,134
203870735,135
1309737,136
200585615,137
208416407,138
1034946,139
209230380,140
2525174,141
209292288,142
927790,143
205923395,144
202937359,145
208352658,146
206682801,147
210167953,148
210249023,149
5609003,150
208714024,151
2025279852719840,152
209489592,153
209685625,154
204098604,155
754508,156
2027130294464000,157
209992902,158
210167954,159
